{"stats":{"minecraft:custom":{"minecraft:time_since_rest":8504,"minecraft:sprint_one_cm":75768,"minecraft:damage_taken":390,"minecraft:walk_one_cm":22124,"minecraft:mob_kills":15,"minecraft:damage_dealt":1279,"minecraft:swim_one_cm":9998,"minecraft:interact_with_crafting_table":7,"minecraft:fly_one_cm":26042,"minecraft:crouch_one_cm":169,"minecraft:play_time":27204,"minecraft:deaths":1,"minecraft:sneak_time":52,"minecraft:walk_under_water_one_cm":2074,"minecraft:jump":241,"minecraft:leave_game":8,"minecraft:time_since_death":22790,"minecraft:walk_on_water_one_cm":15999,"minecraft:sleep_in_bed":1,"minecraft:climb_one_cm":1047,"minecraft:total_world_time":27204,"minecraft:fall_one_cm":5335},"minecraft:used":{"minecraft:wooden_axe":65,"minecraft:stone_pickaxe":24,"minecraft:oak_planks":2,"minecraft:wooden_pickaxe":50,"minecraft:dirt":5,"minecraft:cobblestone":15,"minecraft:mutton":10,"minecraft:beef":2,"minecraft:crafting_table":4,"minecraft:white_bed":1},"minecraft:mined":{"minecraft:seagrass":1,"minecraft:tall_seagrass":1,"minecraft:white_bed":1,"minecraft:birch_log":7,"minecraft:birch_leaves":1,"minecraft:mangrove_roots":2,"minecraft:mangrove_leaves":6,"minecraft:crafting_table":4,"minecraft:short_grass":10,"minecraft:grass_block":1,"minecraft:oak_log":6,"minecraft:dirt":4,"minecraft:mangrove_log":4,"minecraft:stone":38,"minecraft:oak_leaves":6},"minecraft:broken":{"minecraft:wooden_axe":1,"minecraft:wooden_pickaxe":1},"minecraft:crafted":{"minecraft:oak_planks":24,"minecraft:crafting_table":1,"minecraft:stick":16,"minecraft:wooden_pickaxe":2,"minecraft:stone_pickaxe":1,"minecraft:wooden_axe":3,"minecraft:white_bed":1,"minecraft:mangrove_planks":16,"minecraft:birch_planks":28},"minecraft:picked_up":{"minecraft:birch_log":7,"minecraft:crafting_table":4,"minecraft:leather":3,"minecraft:oak_log":12,"minecraft:white_bed":1,"minecraft:dirt":5,"minecraft:wheat_seeds":2,"minecraft:beef":6,"minecraft:mangrove_roots":2,"minecraft:light_gray_wool":1,"minecraft:oak_sapling":1,"minecraft:mutton":17,"minecraft:mangrove_log":4,"minecraft:white_wool":11,"minecraft:cobblestone":37},"minecraft:killed":{"minecraft:sheep":12,"minecraft:cow":3},"minecraft:killed_by":{"minecraft:zombie":1}},"DataVersion":3955}