{"stats":{"minecraft:mined":{"minecraft:spruce_log":2},"minecraft:picked_up":{"minecraft:spruce_log":1},"minecraft:killed_by":{"minecraft:zombie":1},"minecraft:custom":{"minecraft:jump":25,"minecraft:time_since_rest":89,"minecraft:leave_game":1,"minecraft:damage_dealt":22,"minecraft:deaths":2,"minecraft:damage_taken":660,"minecraft:sprint_one_cm":5288,"minecraft:play_time":2328,"minecraft:time_since_death":46,"minecraft:walk_one_cm":1453,"minecraft:total_world_time":2328,"minecraft:fall_one_cm":6002,"minecraft:fly_one_cm":4049}},"DataVersion":3955}