{"stats":{"minecraft:custom":{"minecraft:time_since_rest":5991,"minecraft:play_time":5991,"minecraft:sprint_one_cm":29458,"minecraft:damage_taken":20,"minecraft:walk_one_cm":5839,"minecraft:walk_under_water_one_cm":7,"minecraft:mob_kills":6,"minecraft:jump":57,"minecraft:damage_dealt":541,"minecraft:walk_on_water_one_cm":7358,"minecraft:time_since_death":5991,"minecraft:swim_one_cm":825,"minecraft:total_world_time":5991,"minecraft:fall_one_cm":1169,"minecraft:interact_with_crafting_table":1,"minecraft:fly_one_cm":7899},"minecraft:used":{"minecraft:wooden_axe":28,"minecraft:apple":1,"minecraft:crafting_table":1},"minecraft:mined":{"minecraft:short_grass":5,"minecraft:oak_log":11,"minecraft:birch_leaves":1,"minecraft:oak_leaves":7,"minecraft:crafting_table":1},"minecraft:crafted":{"minecraft:oak_planks":36,"minecraft:crafting_table":1,"minecraft:stick":4,"minecraft:wooden_pickaxe":1,"minecraft:wooden_axe":1},"minecraft:picked_up":{"minecraft:stick":2,"minecraft:crafting_table":1,"minecraft:apple":1,"minecraft:leather":1,"minecraft:wheat_seeds":1,"minecraft:beef":1,"minecraft:porkchop":4,"minecraft:oak_log":11,"minecraft:mutton":5,"minecraft:birch_sapling":1,"minecraft:white_wool":3},"minecraft:killed":{"minecraft:sheep":3,"minecraft:pig":2,"minecraft:cow":1}},"DataVersion":3955}