{"stats":{"minecraft:custom":{"minecraft:time_since_rest":314,"minecraft:sprint_one_cm":42826,"minecraft:damage_taken":20,"minecraft:walk_one_cm":9753,"minecraft:mob_kills":8,"minecraft:damage_dealt":721,"minecraft:swim_one_cm":825,"minecraft:interact_with_crafting_table":2,"minecraft:fly_one_cm":18625,"minecraft:crouch_one_cm":21,"minecraft:play_time":10296,"minecraft:sneak_time":2,"minecraft:walk_under_water_one_cm":7,"minecraft:jump":116,"minecraft:leave_game":1,"minecraft:time_since_death":10296,"minecraft:walk_on_water_one_cm":7358,"minecraft:sleep_in_bed":1,"minecraft:total_world_time":10296,"minecraft:fall_one_cm":2541},"minecraft:used":{"minecraft:wooden_axe":42,"minecraft:apple":1,"minecraft:wooden_pickaxe":28,"minecraft:crafting_table":2,"minecraft:porkchop":2,"minecraft:white_bed":1},"minecraft:mined":{"minecraft:jungle_leaves":1,"minecraft:birch_leaves":1,"minecraft:crafting_table":1,"minecraft:short_grass":12,"minecraft:oak_log":11,"minecraft:cocoa":1,"minecraft:vine":1,"minecraft:jungle_log":8,"minecraft:oak_leaves":7,"minecraft:fern":4},"minecraft:broken":{"minecraft:wooden_axe":1},"minecraft:crafted":{"minecraft:oak_planks":36,"minecraft:crafting_table":1,"minecraft:stick":4,"minecraft:wooden_pickaxe":1,"minecraft:wooden_axe":1,"minecraft:white_bed":1},"minecraft:picked_up":{"minecraft:cocoa_beans":4,"minecraft:stick":2,"minecraft:crafting_table":1,"minecraft:jungle_log":8,"minecraft:leather":1,"minecraft:porkchop":6,"minecraft:oak_log":11,"minecraft:apple":1,"minecraft:wheat_seeds":1,"minecraft:beef":1,"minecraft:birch_sapling":1,"minecraft:mutton":7,"minecraft:white_wool":4},"minecraft:killed":{"minecraft:sheep":4,"minecraft:pig":3,"minecraft:cow":1}},"DataVersion":3955}