{"stats":{"minecraft:custom":{"minecraft:jump":2,"minecraft:time_since_rest":8229,"minecraft:leave_game":1,"minecraft:damage_dealt":10,"minecraft:crouch_one_cm":91,"minecraft:sprint_one_cm":2889,"minecraft:play_time":8229,"minecraft:time_since_death":8229,"minecraft:walk_one_cm":19816,"minecraft:sneak_time":11,"minecraft:total_world_time":8229,"minecraft:fly_one_cm":28},"minecraft:used":{"minecraft:oak_log":1},"minecraft:mined":{"minecraft:oak_log":1},"minecraft:picked_up":{"minecraft:oak_log":1}},"DataVersion":3955}